Path length,BFS,Bidirectional Search,A*,JPS
10,0.29139316849919494,0.09001024082063828,0.051520978197634286,0.06838634003077282
20,0.45267763120437476,0.4746319579533511,0.1276803742992874,0.2119757969819592
30,0.8780758052024392,0.772623717960486,0.36145581030327456,0.16656325617003076
40,1.3623381224651803,1.1852514771063118,0.7112103964208661,0.23452920498373103
50,1.9223909919159154,1.7506166666926137,1.363857203700382,0.3135432416207009
60,2.3540541475423202,2.237437117992309,2.197679479293075,0.4038742329519815
70,3.067611209963106,2.841256946302169,3.268467260658828,0.5074327360153341
80,3.579869482820723,3.5091610351994693,4.375442727126152,0.595855396970595
90,4.427015636813482,4.214397639583117,6.06479337531218,0.7311341207647162
100,5.099247494061888,4.8976876716015925,7.561410963209053,0.868624652204744
110,5.837151560384308,5.555839993049222,9.366397323252233,0.9700222255899118
120,6.52714285798073,6.096517057460893,10.819373259143482,1.0761990742505438
130,7.174062551581645,6.849655448128774,11.920978200460763,1.180722758387911
140,7.86938288508283,7.600150897845827,14.382213059367706,1.370950899786335
150,9.098680566134222,8.677490041671607,16.8305104313503,1.5415090008368313
160,10.703192627874252,9.476364980738106,19.352364514097232,1.768449312679307
170,11.27681317760974,10.360770241387518,20.844858045478013,1.8746809666956457
180,12.27830727000948,11.182106839033475,23.379114946170017,2.088933333140343
190,13.332030103824543,11.974446113939266,26.091378146810985,2.3282674796269243
200,14.196534471523618,13.052333202921016,28.062158721600635,2.410985114187822
210,15.149868776390077,13.78308650317219,29.817730375852452,2.653865403362981
220,16.408372046111037,14.980673471506535,34.46133175491797,2.9469867230213542
230,17.725049745029683,15.918178900161594,37.7635045229119,3.3317612979002997
240,18.77851491555914,16.792746779416824,39.33692701188392,3.28151935058345
250,20.704551997853923,18.676481987352453,42.95478100207438,3.4964769894444907
260,22.50125488347041,19.69000418202594,47.26864510628477,3.873884171840862
270,22.59251897320896,19.628201020963996,49.07094051878099,4.075148198956725
280,24.042307006778106,21.18688843597012,52.148776449619916,4.124800821993436
290,26.051884357421258,22.31063981861119,56.0880625618405,4.462886728676697
300,26.59923261651654,23.4364143639131,56.41122477811486,4.495139566581487
310,27.46714744460072,24.475113969353885,60.14810882761396,4.831607441148087
320,28.954939270883397,25.972876432454928,64.08223560825165,5.084425651524639
330,30.31378938365784,26.605197790831784,67.48061238651647,5.326945584846171
340,33.28460818137537,28.781624546476152,70.67880318019492,5.482503182778336
350,32.81579909285813,29.159516737496045,74.8058909642698,5.732495019701336
360,35.11140620217429,30.251120798422544,80.86565619194648,6.260831418083656
370,35.777450232147544,31.44730368643945,84.55157741767424,6.431120744057929
380,39.154050928010896,32.64470708006685,88.93057074702568,6.736672635362273
390,40.38221899431179,34.21561645813957,90.48338016739396,7.0464839725151585
400,41.97357673302456,35.8922544576115,95.03588712557328,7.237933665478333
410,44.76872079600493,36.46273805501538,102.46628627799046,7.716480965771343
420,43.717956662366795,37.12845808294452,106.21852857421707,7.956111907066606
430,47.86561386177749,39.551464353657664,108.48713168522053,8.271790599172759
440,48.17128413510232,40.09487048235193,110.73291982345461,8.279642736619056
450,52.9442619300472,41.341618814151715,119.98294036465306,8.921109171307227
460,51.04611304614733,43.552160013319906,121.37416826180909,9.044911293335177
470,48.675239713436255,42.50337745011861,120.22272842342228,8.92299705942252
480,56.12857716000746,45.220091377656175,134.47935387416584,9.949841804389695
490,59.567126810197855,47.425842133725304,139.28044383456606,10.297982981276917
500,55.57324307705398,47.213371773542555,138.83355311066376,10.243976550434775
510,58.96495324922243,47.290094908559695,143.10003056421004,10.544769441890484
520,62.71198532647026,49.712424887638385,151.81070266054684,11.070788001704884
530,62.16216461760478,50.38282124172876,150.5123539912138,11.143482752322178
540,65.99846529220292,50.353043829206115,162.1263219184584,11.92266804675083
550,67.19542714361192,53.01729186433362,159.36619366597392,11.675044802300384
560,71.6873696718723,55.18399337117347,174.04436065655773,12.649738378563214
570,69.43022102338564,55.3095294417888,173.16593551756944,12.498270556752278
580,72.53331018365564,57.5592349565289,181.584948065611,13.234704362992842
590,76.82881494004984,57.799652030660425,187.37940859972636,13.578514936602383
600,79.17268407340069,60.951622398235415,195.46410397297862,14.147127363379333
610,79.37803111824337,61.41404133352813,198.37761289505676,14.287874673294265
620,82.34985210599696,64.13593145273981,208.14148591240888,14.950675588714379
630,83.86867273462413,63.651023183170366,205.51246728081102,14.726722717395221
640,86.74577981991445,65.57422412250659,220.1760693109268,15.582110523305458
650,92.01363719276115,66.5316363550265,232.0932983475485,16.5894830634893
660,88.3562431341193,66.51661078844506,224.34784068323742,16.000943135761474
670,90.42626806009221,68.56061152243805,232.66256124917382,16.407653408081462
680,93.19946261421858,70.08241711664543,238.7991342363981,17.158176127791318
690,91.16306481275372,69.76289570709923,233.7836369235856,16.696151066875252
700,97.90641682661696,73.0784566342587,254.33422697871018,18.121205311671385
710,101.90037642023992,75.36825518911009,267.990589146669,18.894516978457073
720,103.01127418319305,76.2601117460872,264.1624802858383,18.944086853237145
730,107.2736150191101,79.6139018721056,279.8754755819534,19.801621121477922
740,106.94547629355732,79.07729827666255,278.63010603956803,19.561486201664405
750,105.26369956958244,81.88539060245593,277.77516622609176,19.756452568898744
760,108.86739140762569,82.3833253343813,290.4768266979185,20.637359283017723
770,112.80381871126438,84.8471159804849,295.3635415564545,20.811928767179612
780,107.38504568301002,80.65353462561744,289.80625481096985,20.314807702232848
790,117.27563945296271,84.94475871605351,315.4270266169923,22.095122482510682
800,122.79582698894788,87.99740619639907,321.7762637203593,22.325712831857032
810,114.11743486206659,88.66304817208096,311.6622665059059,21.819100009330864
820,119.55098048405944,93.09752731578362,325.96742536945936,22.737639508670956
830,122.794321635351,92.01648893675771,331.80887788085715,23.04948557344883
840,119.95917339094933,90.87847167355295,330.995331325857,23.125990980595066
850,125.87576312375539,93.98571155511024,337.0823480054485,23.511248445315804
860,133.16355560130546,96.05988551222144,358.4524999982397,24.68700654191595
870,132.74387424220708,97.97293131451083,362.2773878798412,25.070385861254035
880,134.09644391527652,98.15604869760294,364.85671478182576,25.281434791647253
890,137.64562478460292,99.05292652388326,381.6375121730871,26.33649868599959
900,139.23177602213073,101.41005917864481,393.73515561493105,26.921162756181285
910,138.72838280869888,101.99108145427384,381.6676583624633,26.141326694607596
920,139.82838756686698,101.42395156010468,387.42825378365814,26.981904446093054
930,141.60443069870746,103.2245530727204,397.66595306669376,27.467558326951245
940,147.63085260479468,106.84265355061203,413.2268687253211,28.44484739338646
950,145.78877525371476,107.28247525337115,423.3361876304423,29.300890599371115
960,159.92519180695496,113.69369008243565,446.2700801773026,30.489335775935867
970,153.7998118439741,112.54871563658216,447.6845819903637,30.54320141523679
980,158.61301274896957,115.63022500240785,444.6333220618013,30.63845981586229
990,159.08280044298144,114.80209868527406,447.49139298779863,30.871871930817164
1000,160.80116381487298,118.45725427107679,467.56014322338393,31.798616093884682
1010,157.28126399904593,115.56718400822538,447.6634004464901,30.673303991732084
1020,163.05661688631128,117.7104969743984,461.894567966564,31.589307799255497
1030,160.3401042507387,121.90517877121368,470.4691108477435,32.28096179143671
1040,167.89314507922558,121.06019464941554,483.0309700828844,33.218786608484415
1050,171.64420704988945,124.95914890131624,495.1352136626938,33.910649787508454
1060,177.3224858457216,127.95765141443073,506.0962608422972,34.70400613242484
1070,170.70006578345527,126.96277500335852,496.8802118413707,34.02296622097237
1080,176.46881391140985,134.58220913714993,520.6910226053219,35.39965000174808
1090,172.84224413650574,128.0863751213404,514.474360565409,35.243212671967406
1100,182.00038968840397,130.9720802611547,526.0337883316616,35.9989304909563
1110,179.39621619160087,129.12971571841322,523.6150828516948,35.718431900170565
1120,184.30091468860908,131.26367392728517,534.685048812682,36.4517663560192
1130,181.90550449118655,137.1409895495924,545.9292995098084,37.466102476146034
1140,177.12596811063742,135.49451110365516,532.4864183635365,36.65850289424505
1150,180.22452664194574,141.83078319667484,548.5328209082611,37.28947664310127
1160,193.53144000574406,143.66605954026983,583.0311654551024,39.95259728818465
1170,186.14920645042253,142.15386682606413,566.3893428611696,38.90925068936787
1180,188.41030088402022,146.83383245055668,568.8180391106382,39.02315333365773
1190,194.3567051530412,143.85452488779546,585.8761961332616,39.9201120137329
1200,193.4241383132277,145.47027265365278,587.6256393015533,40.42129501866742
1210,200.7812976794653,148.9831274476108,613.9725162772462,41.797314423311846
1220,201.3195356171393,153.11656848469974,624.1146360773096,42.52723197420404
1230,200.57807703838242,150.7086684177964,607.6053143535879,41.32671243727929
1240,204.05722385315212,158.21478760874737,633.1174238472526,42.99562248786262
1250,211.34998480018018,156.1002543737773,646.7924566880482,44.02249954694513
1260,201.30175701465475,155.3252074530342,635.8918149084478,43.44913289636647
1270,208.4848142108268,160.83455832815824,652.4089627520434,44.11738823953441
1280,211.145681171862,160.54317364869866,663.9031048350547,45.05615698188038
1290,220.51268437362575,167.422377678864,686.9471120549861,46.633024991100164
1300,220.3011629891869,166.68028596037047,703.9739072463594,47.72803702059777
1310,222.57303547717106,170.7133670908152,704.0977239324592,47.351144443083015
1320,229.43585683246198,171.0173790541529,702.3104974490702,47.63159573351781
1330,215.24818028932842,169.70035221646975,680.761200998248,45.83257980100361
1340,222.60276893141918,171.35686263048262,704.227712134139,47.74273931538998
1350,225.46865784964888,174.38096995418474,728.7787183825983,49.01158698995894
1360,228.20174037736618,175.8120084536205,737.9711117382246,49.344739441901986
1370,219.62937882692796,173.93794009751463,712.8675544996356,47.900397748419984
1380,233.79748745276376,178.28149209394184,769.9587186070484,51.9309130272514
1390,243.25568076778794,187.00986922962832,781.1320038522815,52.38424183004491
1400,225.0715550959576,180.1973541776986,734.3898694386277,49.68840093677324
1410,241.34059220065012,183.89728052348295,777.9266510841375,52.343288305785016
1420,237.67947536090878,184.33367970457823,763.4302545894964,51.577367159277024
1430,238.9528096026607,183.67008888703592,772.6878090845339,52.1881484856448
1440,244.38575169101586,189.9530758502542,802.0163444461322,54.10763961362095
1450,245.35460434372678,195.6700986945627,810.380445642325,54.544839564872824
1460,255.91234772060363,190.51197863558033,839.7048713606973,56.4295695494109
1470,246.2117120422377,188.22777723600302,792.1154241129635,53.35963258985118
1480,260.3020850777631,195.79984775784922,853.9186487620782,57.25085323036704
1490,248.62820560753968,191.50293036109863,810.0943691565494,54.21182430726063
1500,263.6915148975005,202.37711731722476,872.9242682631806,58.23550672359796
1510,254.51782355522295,194.6815938048973,846.5144392556688,57.18485702750704
1520,264.4526928597396,206.82760236549103,876.0684009554641,58.345864283442054
1530,260.68372754884984,201.95389599426235,884.9167835573614,59.34415866248103
1540,265.7456476863245,213.44301064421327,890.6329972217596,59.77671990878083
1550,266.62016300744693,211.29184476376966,875.1531693956063,59.02391873179939
1560,272.27960526737826,205.7719584238544,899.1369021068572,59.994243675538975
1570,278.2473238267322,211.78040280777125,942.0906439203612,63.19265326595143
1580,270.5661907750375,213.52566727787075,896.3098681923796,59.67844423642897
1590,263.7177611229542,220.1681484178093,894.4404194494081,60.15395991223687
1600,279.38250148097876,222.2640376319892,942.0753930682538,62.90576089995609
1610,270.2430965631257,222.22164550337484,918.8861356322042,61.253860946762664
1620,279.25040222966345,220.60073972261412,956.7775410661104,63.775926338899545
1630,276.343154860782,224.11826194199503,937.9992663674097,62.70519069830302
1640,292.315337623493,230.22125917145718,1001.3833243077677,65.90156879692996
1650,282.68642028249394,227.01592688739325,972.0272575488231,64.61735471019759
1660,289.179206995056,222.61075000064912,988.6331260016747,66.06923500056146
1670,283.4133437556134,223.2611533648742,969.7623024079187,64.63203508427922
1680,286.20693348327995,228.86572186238197,977.1054865086278,65.57559721430894
1690,288.25493169199245,239.6015799187631,980.5918633933844,65.45321963320228
1700,284.6400803921507,234.06265441420277,988.2086338338821,65.63450589598449
1710,292.51419423533326,236.23089038102682,999.1700581746453,66.40299471687803
1720,292.29588814421396,235.67886350655232,1004.0735516660114,67.04719857716385
1730,302.08581119682833,250.73798630709075,1056.9280477271443,70.2337817477383
1740,285.1685275550849,245.92937511355098,992.9769657945405,66.43768845130379
1750,294.1958242233905,244.01573711074408,1030.3038458702463,68.03732679997206
1760,292.4372244380263,240.02458688209458,1015.4779778279225,67.7792778287243
1770,309.95370396262336,250.09448369872646,1075.477962555046,71.32899251047087
1780,306.577925119684,241.10101399787337,1066.3340115906774,70.36026425177798
1790,306.2583769660589,242.78872442381962,1080.3249525182885,71.74969354905146
1800,313.82455948967254,256.9583479934931,1112.2145634977892,73.20272300659678
1810,304.081031062347,256.8345846867922,1068.7540676598794,71.08941235234961
1820,313.1400859736652,261.26796697297164,1113.5128086070167,73.64217238759673
1830,316.836327741173,256.4309504248785,1105.4156798303397,73.17764747195032
1840,311.7297939576009,254.8342186757926,1095.855741191438,73.23881867578622
1850,314.32444931327933,260.8204077629747,1112.068808217939,73.80995753434057
1860,311.01714674495486,262.6535753305594,1090.7371021602382,72.90358397504718
1870,328.8744635046187,264.723046863869,1158.9184238688185,76.93823424107312
1880,325.48008255458893,263.5510042537474,1143.6916292400103,75.72938113441506
1890,322.40605734430954,279.0252284322942,1150.7140779872532,76.54393487124183
1900,314.94226096544554,271.22529210349376,1148.8601969363365,76.67076973540897
1910,320.60987048004756,270.4541971522716,1151.1160352424918,76.63842143755228
1920,328.4735685369333,270.96247154444956,1182.3153043096956,78.61184655507256
1930,330.8607737394967,274.6572565663996,1185.7937570696984,78.76645454431583
1940,337.27291689804395,283.28954226176467,1209.9159511842397,80.43968591751846
1950,327.3475776708822,279.0596335054361,1168.886640103626,77.60088172279119
1960,325.6407798275179,282.6699113448272,1171.2893760450606,77.77957436982386
1970,333.13853678553136,288.71156684097406,1200.0622595888901,79.59288391984101
1980,325.0032511182075,283.78324753063157,1168.8702753429457,77.37315290672454
1990,331.1396560219936,288.4834350772441,1199.0663963387822,79.118784290007
2000,334.66921346450374,293.4834682798694,1224.8072879813174,81.10226106231522
2010,340.65387354239886,301.85006592251074,1249.1729282458614,82.65939416843487
2020,341.7536160595856,284.10022981986276,1253.0852894440952,83.05774724984182
2030,340.03216709732675,302.63179360224234,1243.587201278782,82.85005170578917
2040,329.68808202866103,289.18446866377826,1188.3522046033384,79.07137234966284
2050,340.3875716188617,297.35667598354894,1240.9885890776816,82.63931746438845
2060,346.0627520839792,299.96748186499747,1292.6270995293635,85.15378696908091
2070,342.8615862888988,295.099473597983,1251.411379698314,83.0592197981299
2080,339.654968346441,291.7949316599102,1237.3321663428276,82.38992511404294
2090,362.09914074880817,305.9527701633286,1350.8890504223498,89.4497546291511
2100,355.52931317509234,298.66583455182104,1310.6018340944142,87.29665363719687
2110,349.10239189223444,307.8083436883533,1297.3803234229301,86.11594865038604
2120,347.17891230413534,306.62139950816527,1277.9212369511656,84.94155664327256
2130,358.1955207936441,318.9167690305987,1333.4074495580353,88.99476548493634
2140,353.94033227653495,313.52762046392417,1319.6917213622312,87.70240180734969
2150,363.3223569997074,308.6798985015694,1340.3698480106332,88.951612003427
2160,363.46874403194397,317.574762850013,1348.8006600868214,89.26729541314646
2170,363.89952336371414,312.45195466722146,1350.7776976710263,89.54784533499836
2180,363.53770735679655,316.86798354564036,1361.097878776664,90.91228787130495
2190,367.6663181445339,317.11280132706514,1360.4501393775092,90.95499380641675
2200,363.4415911692377,309.5483749989767,1365.9901014654486,90.84055293318085
2210,358.3633732141544,312.29255891831207,1337.995402234623,89.10756875175035
2220,370.67336392740305,313.4459223740832,1378.3092840047698,91.7475661960979
2230,362.86591743663047,310.5049517960168,1344.9010302487666,89.13626974856433
2240,373.46241975414205,322.0696189525995,1417.2102782271443,94.72588427225503
2250,377.3329811543046,326.97008020032627,1427.3729434686888,94.2594830898685
2260,374.31105193223146,321.81152574641254,1393.5037296108796,92.21789870728527
2270,382.64846487614983,337.5502556093764,1459.8658170680221,96.72487707124887
2280,371.7237257735804,330.6808413393133,1396.9810866738774,92.19540845022433
2290,386.7320112734348,335.04769214554966,1474.4014156875019,97.37871961249495
2300,362.2397144800684,329.0147850619022,1366.839962897485,90.53830724276551
2310,387.00906215667743,338.7193397154083,1475.644790183335,96.77578598262185
2320,376.907120541025,335.6289415279004,1431.1359450805426,94.62440982692144
2330,369.3559478346891,333.69259091540636,1400.9903095638708,92.36341147397034
2340,372.957270566126,332.0540364397359,1431.49616262261,94.71026728160366
2350,391.16432871035715,343.85843933910496,1501.2343467558062,100.26361667106136
2360,381.3976312597873,346.95605865102976,1459.8821288496122,96.75070336957623
2370,384.16466160756784,345.7013866119128,1478.255339289583,97.94012142934454
2380,371.36407656679177,335.6384885072939,1404.8525504516356,93.69299778043894
2390,377.05750451557543,337.95419096139415,1457.858287436443,96.44230552800187
2400,378.8540816089832,349.9536811415115,1465.4866565984526,97.22163113694252
2410,399.0009941328122,352.66640460211784,1555.7190564835023,102.97275187775773
2420,389.34929648116605,351.095060298926,1477.246020601276,98.11449950111646
2430,397.09404797949406,346.8824419275848,1537.899030797955,101.56705051318112
2440,397.3995323711233,355.9858742643581,1535.0664526972519,101.29024522593129
2450,400.0529942168999,354.1574239900046,1541.6083831024334,102.6631519949312
2460,383.79374449248814,351.0763453602307,1476.21601629704,97.90136210921135
2470,386.6008030561909,358.06704279247214,1491.1548244501282,99.70195283831858
2480,399.5317274775641,354.4533211811496,1549.484452706359,102.59653379128373
2490,392.2652830923979,356.5203092226806,1543.3371677022046,101.05855282613386
2500,376.3727280074358,349.975852503106,1449.2456749962782,96.39993051226716
2510,390.9705986868092,350.1354587724465,1500.9801166774582,99.82173290312404
2520,394.1155685276949,365.08754698313965,1526.9788599186136,100.79662975435274
2530,412.02844926131115,366.9098541447393,1591.6026287877887,105.32134828543427
2540,384.0913792368692,365.6448712132449,1486.311282073363,98.74524056631194
2550,410.1985379062193,362.5765141513386,1603.2452177962705,105.9080552552916
2560,404.19242680744526,367.97420126791803,1576.8910425552979,105.08439659379185
2570,392.12422119487957,362.8284748732135,1516.4878605841727,101.20968719119931
2580,400.5053035770689,365.5747430537965,1546.6089677078014,102.61373093810283
2590,393.0216049807498,369.6075377954606,1521.3079865653096,100.93714128975844
2600,390.19457100251225,375.8730044941092,1505.260171002089,99.98634300881065
2610,401.28519870038446,365.50889696958535,1562.9472216388726,104.50781211724659
2620,413.1633390484289,366.527838565591,1619.0703390470928,107.17533429364806
2630,403.72040828843035,367.47580047977135,1588.9149468259068,104.22433755811667
2640,414.19114333588095,373.4036028549208,1633.197971893257,108.05854428062393
2650,392.6601949696935,373.47681005068176,1536.1585246545844,101.67793515414323
2660,392.9810199052897,369.1618523150122,1550.810488893297,102.77323009954179
2670,408.4586713586729,388.5830879730184,1606.876229877313,106.59049418873127
2680,404.9131307731105,372.0947620283651,1596.7662072086152,105.4781326908672
2690,411.5276024268388,380.93242378256656,1600.309963112186,105.79006553318767
2700,405.9338577338706,379.45203046346165,1575.222011817437,104.39672454645942
2710,409.6267246292805,385.1243603882933,1618.0024072433177,107.44246376291422
2720,414.45849838941115,384.1601352183382,1630.7044190289453,107.46898663582408
2730,407.9366793646392,382.3571733969409,1612.9481490873047,106.76364678489215
2740,406.9094278016775,382.3212008939037,1583.074109419483,105.70415605008685
2750,414.9846453709479,388.47121146363963,1655.4424920675635,109.45157533411412
2760,418.3121823811504,385.98624666389077,1657.3633147601438,109.29889856590668
2770,407.90372991094563,384.3041705311875,1598.908518296683,105.639621875411
2780,417.58603089522063,388.3871609064708,1647.367446363493,108.9108404587404
2790,412.5834704258571,392.31279859012386,1619.8102708996576,107.31823850998069
2800,413.5014319641082,375.31886073115993,1624.1253000087781,107.18051369889686
2810,408.24069527701806,388.5932141429973,1616.9048698052484,106.54728018769221
2820,418.5772666697468,394.55835541647394,1672.9578100020221,111.0212924993985
2830,421.21515538886774,391.77424608352686,1644.5588328341917,109.06830196888825
2840,418.64090356483524,394.2825450964904,1627.9206535822345,107.99488258887348
2850,421.64849504523886,391.4670270273193,1678.2839418916317,112.52480899997325
2860,424.3737144851796,394.7524032703749,1699.5047794399418,112.64614392474085
2870,414.4498985952964,400.43957277091806,1630.8301192542688,109.18516337861932
2880,427.2407060419664,394.6318479068404,1685.922055350807,111.34323860142639
2890,433.6800548812331,389.0765720880742,1719.0696330300077,113.60400186397655
2900,428.4477458722086,393.42423438919076,1708.4217123817054,113.60438669763437
2910,428.95182380420823,403.4106738091846,1707.3587738124033,113.33079618589863
2920,426.74066150371215,399.7477830999789,1676.4956690113852,110.91881831622564
2930,422.95327051633967,392.4977049964294,1660.8825345010496,110.20084049021825
2940,422.3268270114905,403.1197663494938,1684.3761000070474,111.71036541057636
2950,431.2156012207951,416.8938483752886,1707.9637264190924,113.99678862241771
2960,433.0064206555433,393.39947042371114,1706.533411273243,113.6067962402679
2970,430.42925727750423,402.64581736881166,1694.3673999900777,113.01366102499581
2980,437.7330241926235,404.88838547474194,1725.7140957062102,114.20221021400904
2990,427.77328507082063,403.0881340319747,1678.3895062264519,111.44725476298095
3000,421.0084524525275,395.6297892102442,1655.6472230362797,109.5678872524158
3010,427.36994999170776,412.16743161885773,1674.8360678030756,110.56235631585292
3020,430.0097754188402,410.36657149573614,1697.367704471698,111.97249609052969
3030,429.9204004888281,412.5607635495459,1690.9645610844598,112.48465812003488
3040,418.0896447127452,419.79255143842266,1642.0218514505004,109.19522884496165
3050,426.81875023622797,416.94640382601204,1675.6598526342598,111.29727128638248
3060,431.77644457532415,426.2999135872207,1706.1164934780124,113.2192494565945
3070,430.46980089753833,411.73548559808415,1707.4291950495208,112.9389842280967
3080,425.6742238418719,418.04821105240734,1677.942663946514,110.8482779222324
3090,428.01024258762385,412.0000808581567,1679.737904791172,111.60941244166291
3100,427.25148465465656,408.52446244182016,1692.0284158751645,112.59405290610378
3110,424.41913976851555,404.42720795766746,1664.7566352191657,111.36411363250491
3120,426.4228093147497,421.9476323484297,1662.4639838260928,110.92887941062195
3130,425.56324029942897,414.3431663216586,1689.578317852843,111.95656582137228
3140,433.2973542814728,428.8017417054492,1716.8759608059916,113.71305779025109
3150,440.36597838209724,409.5319864338161,1729.0351210994618,114.80251106303466
3160,430.8947289409258,421.1844213357583,1703.6135330000789,113.33478731473879
3170,439.97545412525574,413.18070823167324,1747.7841938020008,115.47780514702431
3180,427.57528993808637,420.3445312150375,1690.1050693117495,112.45848359706659
3190,440.7032989244708,422.2717392534338,1755.3890774233307,116.19052473129204
3200,423.5215681121923,419.1508183458073,1665.1753227036393,110.51078985233741
3210,450.03107597791285,429.50602792600927,1799.379219559911,119.12812905715955
3220,444.94166633703,431.3970780430407,1765.5304614606428,116.95475609638706
3230,435.99331502436894,427.01198496905016,1714.7361932579583,113.46696009859443
3240,451.0967144911956,421.15189130156153,1808.576374873708,120.14090386142837
3250,445.22365609786317,423.46864634053554,1744.444511222085,116.3149278037886
3260,440.9350118331451,429.5947693578839,1750.952386565947,117.16937795392568
3270,439.65556269402526,430.5792844578952,1748.627119691946,116.8545435128415
3280,443.66215549921617,438.58104800138625,1760.0284015004988,116.98484100023285
3290,445.31933479844616,440.81072319796033,1758.367992808888,117.20036133206887
3300,442.79942513534115,438.20051092430543,1758.4267590172242,117.18429125073911
3310,451.7312994599644,439.79720486554544,1791.3177859414773,119.78454539982249
3320,448.155983576803,434.98474686246385,1766.6256454089917,116.8358502490941
3330,459.7713425199317,429.5584028988339,1827.3568656994614,121.53465072460617
3340,449.72085536961947,435.47391025714387,1811.831114867788,120.24048769691815
3350,448.10497283380573,439.8331738430529,1770.7590876941879,117.87299537512546
3360,455.1367606591804,438.19378246700666,1814.6262985808396,120.62622986947544
3370,447.60241849245546,427.82038103172033,1777.5242009427293,117.9721042700465
3380,457.1406744883529,446.41835000684335,1837.1780556159151,122.13335663511666
3390,446.49910600609144,442.38716849706134,1751.2039860005025,116.1304055043403
3400,445.68803316077845,435.70094599347703,1788.8650411841047,118.73681229005324
3410,452.06397663610585,448.9786228412742,1798.7637135831376,118.92012554085206
3420,452.1985150427628,446.0339543011881,1804.2656397840349,119.49123978717954
3430,454.36780371856776,447.6513239371967,1820.115006910439,120.01715797035301
3440,458.45651535251835,445.80438416104505,1829.5445485142898,120.83356385646701
3450,458.6589065353344,451.4973090406713,1840.1889482345432,121.34340100195352
3460,453.74504861246027,452.5027089349551,1805.5898044723185,119.78474302521215
3470,457.00507116124555,448.73831674329244,1831.4459604720216,121.5637758151563
3480,459.5696125600526,447.1420324619528,1841.3456110007944,122.33505654281386
3490,465.76942008993217,443.791792577035,1870.3608467203674,123.55651702500033
3500,453.6753674028596,450.95422983069733,1813.7735834274215,120.74406629893414
3510,468.0738136390544,450.9804010113626,1868.9151368611258,124.3949969695279
3520,455.7684163240324,449.5855921020241,1833.873016316875,122.70295841762501
3530,468.94982023714005,457.92558708444784,1882.8600741577638,124.94919101643805
3540,474.2048979585678,457.52520356243144,1921.7422436543075,127.72524873841421
3550,459.37552221070484,453.4105616202672,1831.1135020248987,121.96038535724611
3560,450.0515979926041,449.13234673769927,1810.8274547683927,120.42776732600701
3570,465.13982171995207,441.11011566047677,1866.5111994916065,123.92964898966102
3580,460.77820483293704,453.9437198928327,1834.969859146533,122.77269624591234
3590,463.1914872481835,457.6248264696504,1865.5466759754254,125.09089166524947
3600,462.20673649182544,454.9859974985011,1852.819171994701,123.19473348936998
3610,461.9371430127655,454.97940725423007,1853.5403440405128,122.9830051868324
3620,474.67564858712325,456.4369283001606,1907.3669651029193,126.5126372581383
3630,459.09754407397844,453.7942779541356,1840.5186284923004,122.20362149624614
3640,464.0339773669545,453.6194836783272,1873.7723205263874,124.88263316924046
3650,472.40334626385453,468.30692836331826,1898.2403054666422,126.96520795801942
3660,473.7207224616472,459.348183949463,1890.9978374420482,125.33436149653585
3670,462.234680630608,458.1546743440866,1857.5176821908285,123.06900523987194
3680,466.81474607714506,458.4145058804447,1881.402185781941,124.87394069230147
3690,467.36551435504776,471.0369446200056,1882.5908764047215,125.18831333976526
3700,471.3980946240005,460.4548521633811,1906.1784397797578,127.26304354931239
3710,468.8397572240445,468.8908457761232,1878.8756596935143,125.94103084736277
3720,465.82962216716766,461.262412974621,1874.7586405412874,125.08415243471595
3730,466.61790390625885,464.17988770087794,1883.610122349675,125.90927318273393
3740,471.7444909513755,465.6754905018888,1892.7891063345724,126.4913533920616
3750,466.0286057031776,467.99470932870486,1874.837001028466,124.91734403244418
3760,471.74737204875674,469.2399295636763,1903.951295163873,127.8439000033403
3770,478.4594815098401,476.3968699914403,1960.6491625008266,131.02359598719514
3780,477.0331223916243,470.27523229563184,1948.2621906298737,130.0352338513379
3790,472.62688509672165,464.7252250009915,1921.178028840294,128.70955672499258
3800,468.4681470279994,466.23318309852317,1877.460292239176,125.97383286362539
3810,471.6656971121959,460.6506985468575,1900.9228778853565,126.90999183585294
3820,482.58426258444536,472.8989201098701,1965.3514346345198,130.98959497362375
3830,472.8834063203319,470.08783683489617,1898.5774147357497,127.40451578673367
3840,481.1636894582722,470.28838789588525,1959.4218615852687,130.99668263838086
3850,482.5725659725362,462.0964510354895,1961.6409670126807,131.33279587563666
3860,472.9185320998591,471.31873000553367,1892.4135847366856,125.512871051815
3870,477.25004951608383,462.66588432187507,1909.3808857824324,127.6314343054432
3880,477.4481967590749,476.7478259535657,1942.2263421615937,130.09205350946334
3890,472.67257988079314,470.8611051749395,1905.5893339180955,126.81317472166714
3900,476.6345649448694,466.3632366026166,1922.1540231912484,127.94256804585841
3910,480.97681349693795,468.51595950307325,1951.4043459927943,130.47110950239934
3920,479.79966455992684,474.12771216856817,1942.1799190420677,129.4823243378036
3930,473.8960086197077,454.41285381471823,1890.6832390902423,126.61702639635104
3940,472.8598718648776,465.1921168714762,1884.087896867853,126.85416937039699
3950,472.89109999941473,472.3945283445923,1923.1482160527678,128.9379828933248
3960,481.2287375770423,471.4812757221907,1942.5690953709143,129.9946826527143
3970,475.93570000224054,461.07024838311537,1910.4224696757813,128.07952775402416
3980,486.36024705929793,464.22274707099973,1972.2715576412922,131.63971822459033
3990,472.6021727722138,470.2633505638275,1916.9743116657767,127.61691500879824
4000,491.98791012223364,469.5547613087997,1997.9659511793316,132.7672089334533
4010,479.2223540315208,463.93691304282095,1936.1543018550421,130.07111801672147
4020,485.86797602487763,476.10397953306983,1971.3542105310667,132.43802689314325
4030,482.6600398878228,478.1028236930253,1949.8797080959973,131.0675733955308
4040,478.72014601027,473.7804233020341,1932.7727954586628,130.19602785043588
4050,481.87794197011027,473.81065855736944,1955.065477730079,131.18839482123448
4060,485.27291242190586,468.0862999955273,1966.6129136535321,131.9150863325235
4070,481.9317411415066,471.02086172186904,1963.464521707573,131.18630000827568
4080,475.72556227325146,476.6905634667345,1915.9358233624098,127.53705449110109
4090,486.18165838076715,467.98262948962736,1964.193746252879,131.4337976858063
4100,481.4092134075103,489.038216458997,1959.2360469525588,131.5322237705312
4110,478.71521016500765,482.00292767725335,1933.4503050829774,130.1677740048091
4120,482.0645787269868,470.6695367016612,1946.0652388247086,130.96332819512153
4130,494.6049242647139,472.7297595541472,1994.706890169122,133.82363582639337
4140,491.3664413024064,475.7613548850236,1993.1433809841983,134.1765298941375
4150,492.54574624177695,477.4501641695253,1990.3677445084631,134.16463005727942
4160,489.7466372096001,474.0127122105251,1988.7358994104488,133.90108778600603
4170,484.93267500121146,475.7545223655914,1948.6936749839958,130.05366908121658
4180,483.42282953514797,478.18840362673984,1942.3035269431732,130.39822383929487
4190,495.94631964836077,466.0867196556418,2019.4052618452795,135.19371386748776
4200,488.9278304360038,479.686298915347,1985.9662565182814,133.24587337530988
4210,480.1648789706682,478.1450778377581,1937.0271431851115,129.31364317524077
4220,480.19397333249066,465.5022958847766,1936.710972301872,129.50970666536537
4230,496.3025940683131,476.26348618349357,1999.671202630736,134.54468157527185
4240,488.2686697839872,481.12447472848,1972.2042774762344,132.292379666652
4250,492.019009782791,474.6244282598567,2000.1025489155688,134.26513315020534
4260,494.9828060566379,476.57451543001923,2015.3083604074166,134.8853905981019
4270,485.3661024134493,475.4034557555435,1953.6134557550379,130.31718485113797
4280,491.49765172142577,473.7396632153969,2012.5365103431602,134.79813735670913
4290,493.7407908543445,487.53546157672366,1981.4435634128295,133.27479206650267
4300,486.3837480590177,491.54294680226116,1974.928518587986,133.04210961457247
4310,493.98118542797033,500.9118486113018,1989.1475472135676,133.88565972281827
4320,495.6303424242771,498.66797939502834,2008.6568412029383,134.64743089531407
4330,480.9136348102666,498.37619936164424,1931.7562246896043,129.53094303758837
4340,494.28373196513155,495.0411959276643,2002.6463534721108,134.9428790710693
4350,501.09435885172365,498.4831411314349,2023.657243261946,136.84245105499917
4360,495.07239404735185,504.77654702616053,2014.96977748934,135.41792119575652
4370,484.18974061496556,493.6929117105901,1957.1095476765186,131.7539625056088
4380,485.6775835289675,501.95697586957147,1946.5777488231658,134.64076882250168
4390,482.7303587082894,501.8481858038133,1938.182392910988,130.8642296760313
4400,498.90329281333226,503.9373928191615,2011.8345901872597,135.78653463818668
4410,494.38939761973563,512.2383934529055,1968.6089916669187,134.16688988038473
4420,491.839325152674,496.23660129270246,1957.6308309755018,133.03735355561778
4430,490.94450492590244,502.5646964815301,1972.0429626887953,134.89268872939365
4440,487.9983163139447,496.24773538355925,1961.9915904755494,132.61302039898982
4450,497.2506123960546,510.1863814117634,1996.3370194646109,135.98044778182444
4460,492.7072788695215,517.8752978872245,1964.166435909943,133.26565775233254
4470,491.69068511327106,511.95654540366314,1982.313890771663,134.10486028042246
4480,491.06921794475653,518.1306290748792,1975.974135032067,134.22329744518314
4490,493.0175674737446,516.8518587350845,1977.8128198423083,134.53606506756373
4500,482.09625923816975,504.74730999653156,1922.7121876753295,130.3937646168929
4510,493.32885651830316,518.5884478334068,1978.2003333464913,134.31061376868814
4520,491.13158865346975,525.0648198702656,1958.614540417989,133.48928722760357
4530,487.7299264616826,515.1771330886028,1935.392362496432,131.00543676053778
4540,497.6912286924279,518.7888895677484,2012.3392738984978,136.97852956108426
4550,501.20293606987485,517.9184974794147,2024.7192746747899,136.31177468993997
4560,493.67897723166925,523.9491121943404,1984.9753219577356,134.56311058028928
4570,494.7896859292631,518.9068059338464,1988.2092325846354,134.95962518762659
4580,493.1503804586828,506.32718827575445,1978.4580281358212,134.42148437537253
4590,496.19072015156115,524.0304387465928,1988.3172829446867,134.45570154707562
4600,502.67360881614684,513.4800968055725,2010.9975048103333,137.22627519989013
4610,495.50478835993033,517.4995124044344,1994.2812627932822,135.26089845516884
4620,494.68074999893867,529.0956798445794,1967.5739911256298,134.58482903434384
4630,505.83505111019105,516.7630795684174,2028.6063824970356,137.61713649060604
4640,508.7902071939098,514.8393165516338,2022.8554179874257,137.39071582032622
4650,504.30421416795076,528.0646880580418,2007.2333067228544,136.47542162261792
4660,500.2985007227331,519.1343601423761,1994.471521736919,135.76161087077597
4670,505.00556829692874,508.371717881381,2016.3958211390952,137.6571105805839
4680,508.6211387649063,518.6032775280088,2044.361631010854,138.04237519493398
4690,498.2929308181418,528.6631669101859,1988.1333255534782,134.91468422036422
4700,505.35090081809,513.334498362463,2013.518422953418,135.72331966923886
4710,501.16690647344797,514.22296762981,2003.126402156816,135.09841151546232
4720,494.46825403167355,525.0026419181978,1966.010915325534,132.4064984052412
4730,506.4424282158575,529.681206460922,2040.3062741987167,137.77552259737445
4740,503.2514446001787,524.887022286195,2012.416529239141,137.0574138366259
4750,503.1351346815786,514.0488677274797,1999.1214048401002,134.79638466719658
4760,504.19423433296555,513.2448954109017,2015.265664126127,137.45012212527618
4770,505.92700278427867,525.0401888903644,2037.6495263758634,139.02575275964207
4780,506.3459751780016,518.5388554743606,2004.4502043880686,137.2473613067265
4790,514.6478777069691,526.6823834584765,2047.0288793370744,139.47288183338387
4800,506.1250518641078,526.3878338462428,2031.4332699166205,139.623107528328
4810,512.6637469710726,516.9189409162059,2033.3199295365448,139.24471136114815
4820,509.1473872928477,521.2393910689141,2047.278220148229,140.6457261149563
4830,504.1968654897851,520.3831964714426,2038.261693662321,141.51826830984842
4840,506.72328462133873,523.3080776321304,2048.8261300733875,139.36946852890762
4850,510.23361775952003,518.1237040431268,2050.7454838675835,138.51929515600204
4860,507.85857499577105,522.6468187384307,2021.6167398393154,137.85190233774483
4870,511.28208234906197,522.0622124934898,2044.0482220544534,138.95661544098573
4880,514.9655766586462,530.4497266610464,2084.270366658767,140.54435663819314
4890,515.1741578336805,524.1301734410226,2085.9064632933587,141.6265585962683
4900,517.3152765504245,524.5120758681462,2081.5464641242193,141.7321034513671
4910,512.6283043753492,520.758847438506,2081.754116782307,141.25044598544602
4920,511.89604807269666,527.8302697691806,2066.7073565915575,140.08977054440697
4930,507.8305969635646,519.1459121180303,2052.4711560534706,140.675474246343
4940,515.2421049559412,522.8365718983422,2072.1793024756694,141.70723141323435
4950,511.0988731295315,518.9747746293225,2060.483217166431,140.99948508170112
4960,515.9584853726674,515.915410586489,2084.0891479592983,143.5503617825547
4970,516.6859883586566,520.6963391741117,2065.227366665999,141.78997251590093
4980,505.90428824184323,515.050369737529,2037.3033311086542,139.7277941182882
4990,512.5822323120557,514.6268015384674,2068.239811543318,140.80869076435383
5000,522.2077553900513,530.9166506722166,2115.3318148674193,143.95296486648354
5010,517.3057687992746,524.9351943350853,2074.1201822690086,141.5798212873175
5020,515.5245762740151,525.989621180599,2078.5146652561125,142.15831269854206
5030,515.2714918862592,523.7491954983892,2071.147589200252,141.17833873173137
5040,520.8626341680686,529.8313133378823,2096.8121466676394,142.2071383357048
5050,516.701494216919,538.3682437987367,2061.249534701513,139.828495880789
5060,517.1542517595124,534.4079438615264,2072.580542976396,140.3092254462995
5070,516.4703572771766,544.647290002216,2068.740797274763,140.10121181661432
5080,523.1513541663686,538.1296520804366,2109.6603197952113,142.5701104129354
5090,519.0177428381784,532.2348637266473,2082.074924183416,140.097638462926
5100,514.9888464212418,538.4374130935896,2078.432611913908,140.56894642966134
5110,512.2526812404394,535.4988862454891,2080.0213324934243,142.21170122623442
5120,515.5098787317885,542.7680127620697,2070.090144692583,141.25316700275908
5130,512.5039023315205,543.1302305810592,2068.244216458938,140.15115411982816
5140,512.6115690352211,535.7211563184228,2040.1337267613746,137.1585140799133
5150,512.1414403869555,521.0550077099067,2050.2595769304494,139.90220191845526
5160,507.325338323911,534.7561216751734,2051.3886266589166,139.53588000933328
5170,509.1509021624275,518.938741310783,2075.431797825772,141.03400872064674
5180,498.24317141260417,503.41260284696307,1996.690252832004,134.32994000911714
5190,506.6288557786208,522.7506903822606,2059.852126910136,140.84600769556485
5200,497.88695135632076,519.8107486737741,1956.7849432326652,134.6760648650092
5210,514.3259845880361,497.22203461481973,2051.295609607146,137.74525579580893
5220,501.69547600269317,493.91297399520874,1986.0053220176696,133.147820019722
5230,500.8671773559642,488.26036414110433,2002.373384903062,136.31763205888137
5240,507.30026666323346,505.37562669118245,2045.5120666742325,138.8047700246175
5250,487.87449591986984,482.71623264040267,1908.1691224380415,130.12296937923043
5260,506.85197179134076,487.73517691783417,2018.9375332991283,137.85178718811426
5270,509.84455835156973,490.3960861033863,2062.2894777854285,138.75913333892822
5280,512.2964441831722,491.97737209187,2037.123923240706,138.31060698420504
5290,497.06808536808666,493.99730491638184,2000.4548024491567,134.3857975703914
5300,520.6998200151655,491.91155774328445,2079.059720028771,140.30210665596857
5310,515.4172268495327,499.6384536522191,2085.708260972325,139.37690244651424
5320,504.3141526360261,500.16606578074004,1987.1134473587338,133.0328710581127
5330,500.5889208316803,508.7509833574295,2001.0858749846618,129.87551249066988
5340,494.1423417031765,508.6521833439668,1972.019091675679,128.4066500266393
5350,486.3963962925805,502.53737409909564,1902.4907481582077,125.34066665614093
5360,503.6217000087102,504.7102388805813,1998.083972228898,133.13966108693018
5370,502.210774987936,511.2889125049114,1991.217724998792,131.35910419623056
5380,496.9743411821478,497.2365294204039,1955.0636058835423,132.18574707648332
5390,508.2944565233977,505.7165000024049,1990.0064695503402,134.32613039016724
5400,496.65899629063074,503.51045553772536,1938.0196185112,132.81489260991415
5410,499.0217166741689,508.59677914778393,1970.6911166707675,130.04831664760908
5420,501.3989680194855,494.81297600746154,1934.9078880023956,130.58959197998047
5430,498.6158375144005,503.6015125066042,1906.2392374873161,127.99576251208782
5440,495.9275562763214,507.1650000214577,1938.9628062397242,129.359568759799
5450,484.54413638331675,516.5612272891132,1891.2377772547982,128.46423637866974
5460,494.7156226960096,519.2720045501536,1930.2897363576021,129.74484544450587
5470,510.59644999769,520.7158277829488,1995.1705556048287,135.9997000164456
5480,499.2946833372116,499.31972497701645,1941.0336374938488,129.67226669192314
5490,506.2287714254288,501.47523813020615,1945.4170666876294,130.60756188347227
5500,496.79897333780923,508.8575699965159,1926.11155667305,129.94345670541128
5510,492.00587501525877,513.0252350091935,1942.4857700109483,128.94361997842788
5520,517.5808722575506,525.4121944374508,2075.2663055525886,137.5056111017863
5530,511.670588877466,514.8217222293218,2045.4049666722615,136.3697110944324
5540,506.1113399505615,507.91875501871107,2004.6499850034713,130.97856004238128
5550,509.0387560081482,498.96978402137756,2002.8817879962921,133.13272802352904
5560,509.76770873691726,506.80553047553354,2013.017404348954,131.07315216893736
5570,514.2768391422603,516.5829086718352,2109.5413304204526,136.037330451219
5580,513.0076185155798,511.3623481414936,2031.4534370281078,133.09676295739632
5590,520.2867499722374,494.7588166528278,2049.370150009791,133.8850111166636
5600,497.20628571510315,506.9367714609419,2011.7568714278084,132.35790004049028
5610,503.9652904896509,502.83053807985215,1973.7758047467187,130.94947145098732
5620,517.5074821369989,513.9485249859946,2053.196160708155,136.91160713774818
5630,522.4128440189362,506.7043039703369,2034.1424199771882,135.18757999420166
5640,510.4718279457092,498.2468000221252,1935.2737240028382,130.0346239757538
5650,504.1150705674115,508.23893528826096,1945.0664705809425,130.25215290574465
5660,531.3154590996829,509.5562318021601,2085.406459060582,140.2763545621525
5670,530.9642272537404,517.3085636333985,2154.183540896936,145.01193637197667
5680,522.0356074439155,520.1285222459722,2075.0388037010475,138.81388890301739
5690,516.9713772535324,500.51409091732717,2032.803340901028,138.20894545858556
5700,518.8827478263689,517.1492391461911,2043.1149608674257,139.525556543599
5710,493.0033889081743,506.14313888549805,1948.6109722190433,129.84547217686972
5720,512.4106999635696,518.9771777391434,2067.2397555775115,137.74483887354532
5730,520.679499964965,518.2976052761078,2107.5850579111197,141.10302103193183
5740,521.4691166612837,512.370450006591,2056.04544447528,136.2624388800727
5750,525.0868599796295,512.8624240207672,2010.8385400104523,135.1516919708252
5760,521.5260523727962,499.3612951891763,2017.517085699808,134.98901907602945
5770,507.6510049819946,504.09002500772476,1926.2243399977683,131.1813099861145
5780,521.4659782388936,513.0191782661107,2113.6164782772894,141.38473913980567
5790,512.1975666454861,508.9078524339767,1996.6332999865215,134.64105712799798
5800,521.5689069073776,500.7291999931993,2005.8134344692887,135.3580827548586
5810,521.1218904654185,522.3156380880447,2111.669128554208,140.99255717368354
5820,528.8887791732947,517.6121832728386,2092.1292958160243,140.58162500460944
5830,527.6128761881873,515.7518952574048,2083.547623815991,139.36155237470354
5840,516.4297841975564,512.9447158010382,2048.4616368318857,139.17725787664713
5850,509.9945269181178,502.8557461500168,1969.6398192277322,134.64210766095383
5860,522.4678153716601,505.95883843531976,2034.0037422730372,139.24500384697546
5870,531.6687217380689,511.1964565463688,2078.633234780768,142.52301738573158
5880,528.6334636428139,501.4651455012235,2088.2599545392122,141.86038181998512
5890,512.0861909172752,492.0662408958782,1970.64838179675,134.02503181587565
5900,522.0915863405575,510.17140910842204,2028.7156045545232,138.32579090378502
5910,525.7377809569949,515.64065239543,2113.6943285692305,142.66902382033211
5920,518.103066660109,526.1102238042014,2058.935514302481,139.8132333528428
5930,528.3950809637705,493.77561906405856,2047.974704765138,137.24280475434801
5940,529.6542480182648,516.0386040115357,2079.735080022812,139.5765199661255
5950,529.476983361774,501.8640722433726,2048.398094455401,139.19697780079312
5960,528.6762521992559,505.96384781339896,2088.931930427966,139.066526060519
5970,534.5557258206029,519.662725787009,2102.37497422003,141.49023870498903
5980,523.2807266553243,498.8178466320038,1987.7070199807486,133.51183327039084
5990,527.1633666924068,499.3667856965746,2069.144885721661,138.21500955309187
6000,528.4568370448219,508.541481450752,2076.52578885467,139.79037776699772
6010,530.6147099852562,517.3227250099183,2165.1958799362183,144.20575506687163
6020,536.0775842290176,497.272142109118,2075.5352894506955,140.90876841545105
6030,530.8728239631653,504.3532039737701,2102.9266160011293,140.54960797309874
6040,525.1486666520436,498.1316066900889,2079.537513287862,140.5972800095876
6050,537.3829949736595,510.8186550140381,2105.2253299832346,140.91159496307372
6060,534.5928558602053,514.7734206003302,2106.958902948043,140.2497088207918
6070,535.4962500095368,497.290800011158,2089.16020501852,139.57562997341157
6080,541.3149944278929,507.45477219422656,2092.494961116049,140.38720560073853
6090,541.9016532897949,494.87617996533714,2087.6184066613514,143.48548666636148
6100,535.3726090626283,510.57551367716354,2129.5616091164675,142.35372730818662
6110,523.4591470746433,497.31852353320403,2105.4919529101426,142.6396117631127
6120,537.7874785661697,499.0514892850603,2074.4779714005335,138.4287357074874
6130,537.1601889133453,510.6732555495368,2128.5057777828642,142.78484998808966
6140,540.1521714528402,505.3844333489736,2099.8431285449437,140.64317143531073
6150,539.5989100217819,500.1143249630928,2101.49467997551,141.4145149707794
6160,538.0372863249345,503.2228863672777,2054.878300005739,136.9354681968689
6170,534.6353058955249,508.75126469836516,2107.7784999398623,142.6738000056323
6180,534.9619923554934,516.397700052995,2116.2668384405283,142.4600153702956
6190,540.009790875695,503.96040912107986,2090.4442181803965,140.37749088894236
6200,538.6921166578928,514.4763833880424,2097.3373166918755,141.2490250468254
6210,539.2046500146389,505.30256256461143,2115.1395125091076,143.13272497057915
6220,524.3491999149322,514.864220046997,2145.0040600299835,144.24214000701903
6230,565.086100101471,483.42700004577637,2085.365900039673,136.21020007133484
